https://www.google.com/#q=Adam+Chaney+Lakeview+Loan+Servicing+LLC	https://repdigger.com/reviews/lakeview-loan-servicing	
"https://www.google.com/#q=Nayef+Taamneh+loanDepot.com+LLC","www.atfcu.org/"
"https://www.google.com/#q=Nayef+Taamneh+loanDepot.com+LLC","start.loandepot.com/Official_Site/Refinance_Today"
"https://www.google.com/#q=Nayef+Taamneh+loanDepot.com+LLC","https://www.nccob.org/Online/NMLS/LicenseView.aspx?CID=3606"
"https://www.google.com/#q=Nayef+Taamneh+loanDepot.com+LLC","mortgage-brokers.credio.com/l/41973/Nayef-Sultan-Taamneh"
"https://www.google.com/#q=Nayef+Taamneh+loanDepot.com+LLC","mortgage-brokers.credio.com/l/52633/Christopher-Michael-Cavazos"
"https://www.google.com/#q=Nayef+Taamneh+loanDepot.com+LLC","mortgage-lenders.credio.com/l/10299/Great-Lakes-Mortgage-Brokers-LLC"
"https://www.google.com/#q=Nayef+Taamneh+loanDepot.com+LLC","www.securities.arkansas.gov/.../Copy%20of%201-15-2015%20NMLS%20Companies%..."
"https://www.google.com/#q=Nayef+Taamneh+loanDepot.com+LLC","https://www.instantcheckmate.com › People Search › Last Name (T)"
"https://www.google.com/#q=Nayef+Taamneh+loanDepot.com+LLC","https://www.ft.com/stream/79724298-5cd9-3ea4-acde-58681263e7fb?mhq5j=e2"
"https://www.google.com/#q=Nayef+Taamneh+loanDepot.com+LLC","www.cnn.com/2017/06/29/middleeast/saudi-arabia-ousted-crown.../index.html"
"https://www.google.com/#q=Jonathan+Lee+NATIONS+LENDING+CORPORATION","https://www.linkedin.com/in/leehowards"
"https://www.google.com/#q=Jonathan+Lee+NATIONS+LENDING+CORPORATION","https://nlcloans.com/about-nlc/meet-the-team/"
"https://www.google.com/#q=Jonathan+Lee+NATIONS+LENDING+CORPORATION","www.nationslending.com/"
"https://www.google.com/#q=Jonathan+Lee+NATIONS+LENDING+CORPORATION","www.nationslending.com/branch"
"https://www.google.com/#q=Jonathan+Lee+NATIONS+LENDING+CORPORATION","www.nationslending.com/branch/tx/humble"
"https://www.google.com/#q=Jonathan+Lee+NATIONS+LENDING+CORPORATION","www.nationslending.com/branch/ca/atwater"
"https://www.google.com/#q=Jonathan+Lee+NATIONS+LENDING+CORPORATION","www.nationslending.com/loan-officer?branch=492"
"https://www.google.com/#q=Jonathan+Lee+NATIONS+LENDING+CORPORATION","https://www.nationslending.com/contact"
"https://www.google.com/#q=Jonathan+Lee+NATIONS+LENDING+CORPORATION","https://www.zillow.com › Lender Directory › Ohio › Independence"
"https://www.google.com/#q=Jonathan+Lee+NATIONS+LENDING+CORPORATION","mortgage-brokers.credio.com/l/3869/Jonathan-T-Freese"
"https://www.google.com/#q=Jason+Sheppard+WR+Starkey+Mortgage+LLP","https://www.starkeymtg.com/lo/JasonSheppard"
"https://www.google.com/#q=Jason+Sheppard+WR+Starkey+Mortgage+LLP","https://www.linkedin.com/in/sheppardjason"
"https://www.google.com/#q=Jason+Sheppard+WR+Starkey+Mortgage+LLP","https://www.linkedin.com/pub/dir/Jason/Sheppard/us-31-Dallas%2FFort-Worth-Area"
"https://www.google.com/#q=Jason+Sheppard+WR+Starkey+Mortgage+LLP","https://www.linkedin.com/company/wr-starkey-mortgage"
"https://www.google.com/#q=Jason+Sheppard+WR+Starkey+Mortgage+LLP","https://www.linkedin.com/in/gina-lehrmann-8b70aa25"
"https://www.google.com/#q=Jason+Sheppard+WR+Starkey+Mortgage+LLP","https://www.facebook.com/pages/WR-Starkey/106137886088534"
"https://www.google.com/#q=Jason+Sheppard+WR+Starkey+Mortgage+LLP","https://www.facebook.com/shanette.gullo"
"https://www.google.com/#q=Jason+Sheppard+WR+Starkey+Mortgage+LLP","mortgage-lenders.credio.com/l/7563/WR-Starkey-Mortgage-LLP"
"https://www.google.com/#q=Jason+Sheppard+WR+Starkey+Mortgage+LLP","coba.georgiasouthern.edu/current-eagle-executive-society-members/"
"https://www.google.com/#q=Jason+Sheppard+WR+Starkey+Mortgage+LLP","radaris.com/p/Jason/Sheppard/"
"https://www.google.com/#q=Katherine+Clayton+Cendera+Funding+Inc.","https://www.linkedin.com/in/katherine-clayton-a9953476"
"https://www.google.com/#q=Katherine+Clayton+Cendera+Funding+Inc.","mortgage-brokers.credio.com/l/52975/Katherine-Clayton"
"https://www.google.com/#q=Katherine+Clayton+Cendera+Funding+Inc.","www.salesripe.com/contact/katherine-clayton-3700188"
"https://www.google.com/#q=Katherine+Clayton+Cendera+Funding+Inc.","https://www.lead411.com/Katherine_Clayton_17448762.html"
"https://www.google.com/#q=Katherine+Clayton+Cendera+Funding+Inc.","https://www.cenderafunding.com/"
"https://www.google.com/#q=Katherine+Clayton+Cendera+Funding+Inc.","https://it-it.facebook.com/public/Gluten-Kathe"
"https://www.google.com/#q=Katherine+Clayton+Cendera+Funding+Inc.","ufind.name/Katherine+Clayton"
"https://www.google.com/#q=Katherine+Clayton+Cendera+Funding+Inc.","www.peekyou.com/kathryn_clayton"
"https://www.google.com/#q=Katherine+Clayton+Cendera+Funding+Inc.","https://www.texasmba.org/convention/docs/prereg.pdf"
"https://www.google.com/#q=Katherine+Clayton+Cendera+Funding+Inc.","https://www.ok.gov/okdocc/documents/2015%20ANNUAL%20REPORT.pdf"
"https://www.google.com/#q=Audrey+Fuller+DHI+MORTGAGE+COMPANY+LTD.","mortgage-brokers.credio.com/l/48044/Audrey-Linn-Fuller"
"https://www.google.com/#q=Audrey+Fuller+DHI+MORTGAGE+COMPANY+LTD.","https://www.linkedin.com/in/audreyfuller"
"https://www.google.com/#q=Audrey+Fuller+DHI+MORTGAGE+COMPANY+LTD.","https://www.lead411.com/Audrey_Fuller_8003218.html"
"https://www.google.com/#q=Audrey+Fuller+DHI+MORTGAGE+COMPANY+LTD.","www.zoominfo.com/p/Audrey-Fuller/1930277381"
"https://www.google.com/#q=Audrey+Fuller+DHI+MORTGAGE+COMPANY+LTD.","https://www.intelius.com/people/Audrey-Fuller/060ea1bvmd5"
"https://www.google.com/#q=Audrey+Fuller+DHI+MORTGAGE+COMPANY+LTD.","https://www.dhimortgage.com/Loan-Officers/Amy-Emerson"
"https://www.google.com/#q=Audrey+Fuller+DHI+MORTGAGE+COMPANY+LTD.","www.dhimortgage.com/Branches/Texas/Austin"
"https://www.google.com/#q=Audrey+Fuller+DHI+MORTGAGE+COMPANY+LTD.","https://www.facebook.com › Places › Denham Springs, Louisiana › Financial Service"
"https://www.google.com/#q=Audrey+Fuller+DHI+MORTGAGE+COMPANY+LTD.","https://en-gb.facebook.com › Places › Denham Springs, Louisiana › Financial service"
"https://www.google.com/#q=Audrey+Fuller+DHI+MORTGAGE+COMPANY+LTD.","www.namepeeper.com/s/audrey+fuller"
"https://www.google.com/#q=Jennifer+Weidner+State+Farm+Bank+F.S.B.","https://www.statefarm.com/agent/US/TX/Allen/Jenny-Weidner-6D5JG2ZJ000"
"https://www.google.com/#q=Jennifer+Weidner+State+Farm+Bank+F.S.B.","https://www.statefarm.com/agent/US/TX/Allen/Jenny-Weidner.../map?..."
"https://www.google.com/#q=Jennifer+Weidner+State+Farm+Bank+F.S.B.","https://www.statefarm.com/agent/US/CA/Foster.../Jennifer-Selvitella-DTGCP1YS000"
"https://www.google.com/#q=Jennifer+Weidner+State+Farm+Bank+F.S.B.","https://books.google.com/books?isbn=1563117916"
"https://www.google.com/#q=Jennifer+Weidner+State+Farm+Bank+F.S.B.","https://mn.gov/law-library-stat/archive/cau02dkt.html"
"https://www.google.com/#q=Jennifer+Weidner+State+Farm+Bank+F.S.B.","https://treas-secure.state.mi.us/unclaimedProperty/search.asp?destURL...name=tom"
"https://www.google.com/#q=Jennifer+Weidner+State+Farm+Bank+F.S.B.","https://www.courts.wa.gov › Courts › Court Briefs"
"https://www.google.com/#q=Jennifer+Weidner+State+Farm+Bank+F.S.B.","https://www.courts.wa.gov › Courts › Court Briefs"
"https://www.google.com/#q=Jennifer+Weidner+State+Farm+Bank+F.S.B.","https://www.co.washington.mn.us/Archive.aspx?ADID=512"
"https://www.google.com/#q=Jennifer+Weidner+State+Farm+Bank+F.S.B.","https://www.co.washington.mn.us/Archive/ViewFile/Item/500"
"https://www.google.com/#q=John+Dillon+One+Reverse+Mortgage+LLC","https://www.onereversemortgage.com › Where We Lend"
"https://www.google.com/#q=John+Dillon+One+Reverse+Mortgage+LLC","https://www.onereversemortgage.com › States › Oregon"
"https://www.google.com/#q=John+Dillon+One+Reverse+Mortgage+LLC","https://www.onereversemortgage.com › Where We Lend"
"https://www.google.com/#q=John+Dillon+One+Reverse+Mortgage+LLC","mortgage-brokers.credio.com/l/41956/John-William-Dillon-II"
"https://www.google.com/#q=John+Dillon+One+Reverse+Mortgage+LLC","https://www.linkedin.com/in/john-dillon-92268018"
"https://www.google.com/#q=John+Dillon+One+Reverse+Mortgage+LLC","https://social.pr/p/orm-reverse-mortgage-team/JohnDillon/"
"https://www.google.com/#q=John+Dillon+One+Reverse+Mortgage+LLC","https://social.pr/p/orm-reverse-mortgage-team/employees/?page=5"
"https://www.google.com/#q=John+Dillon+One+Reverse+Mortgage+LLC","https://dbf.georgia.gov/sites/dbf.georgia.gov/.../June2016MortgageSummary.pdf"
"https://www.google.com/#q=John+Dillon+One+Reverse+Mortgage+LLC","https://blackamericaweb.com/.../dennys-presents-tom-joyner-foundation-with-25k-tal..."
"https://www.google.com/#q=John+Dillon+One+Reverse+Mortgage+LLC","www.dfs.ny.gov/reportpub/wb160122.htm"
"https://www.google.com/#q=Kenneth+Lutterbach+One+Reverse+Mortgage+LLC","https://www.onereversemortgage.com › Where We Lend"
"https://www.google.com/#q=Kenneth+Lutterbach+One+Reverse+Mortgage+LLC","https://www.onereversemortgage.com › Where We Lend"
"https://www.google.com/#q=Kenneth+Lutterbach+One+Reverse+Mortgage+LLC","https://www.linkedin.com/in/ken-lutterbach-4b02999b"
"https://www.google.com/#q=Kenneth+Lutterbach+One+Reverse+Mortgage+LLC","https://social.pr/p/orm-reverse-mortgage-team/KennethLutterbach/"
"https://www.google.com/#q=Kenneth+Lutterbach+One+Reverse+Mortgage+LLC","mortgage-brokers.credio.com/l/20759/Kenneth-Brandon-Lutterbach"
"https://www.google.com/#q=Kenneth+Lutterbach+One+Reverse+Mortgage+LLC","https://www.nccob.org/Online/NMLS/LicenseView.aspx?CID=3261"
"https://www.google.com/#q=Kenneth+Lutterbach+One+Reverse+Mortgage+LLC","https://www.owler.com/iaApp/173456/one-reverse-mortgage-company-profile"
"https://www.google.com/#q=Kenneth+Lutterbach+One+Reverse+Mortgage+LLC","www.zoominfo.com/people/Kenneth/Lutterbach"
"https://www.google.com/#q=Kenneth+Lutterbach+One+Reverse+Mortgage+LLC","www.dfs.ny.gov/reportpub/wb141010.htm"
"https://www.google.com/#q=Kenneth+Lutterbach+One+Reverse+Mortgage+LLC","https://www.ok.gov/okdocc/documents/2015%20ANNUAL%20REPORT.pdf"
"https://www.google.com/#q=Gregory+Harper+Everett+Financial+Inc.","https://www.johnschutze.com/the-schutze-team/"
"https://www.google.com/#q=Gregory+Harper+Everett+Financial+Inc.","https://www.johnschutze.com/"
"https://www.google.com/#q=Gregory+Harper+Everett+Financial+Inc.","https://www.johnschutze.com/items-needed/"
"https://www.google.com/#q=Gregory+Harper+Everett+Financial+Inc.","www.supremelending.com/ContactUs.aspx"
"https://www.google.com/#q=Gregory+Harper+Everett+Financial+Inc.","https://www.supremelending.com/AboutUs.aspx"
"https://www.google.com/#q=Gregory+Harper+Everett+Financial+Inc.","https://www.linkedin.com/in/gregory-everett-37822291"
"https://www.google.com/#q=Gregory+Harper+Everett+Financial+Inc.","mortgage-brokers.credio.com/l/15709/Claudio-Marcelo-Ostrovich"
"https://www.google.com/#q=Gregory+Harper+Everett+Financial+Inc.","quotes.wsj.com/ENBBF/company-people/executive-profile/46255378"
"https://www.google.com/#q=Gregory+Harper+Everett+Financial+Inc.","www.resgonline.com/search"
"https://www.google.com/#q=Gregory+Harper+Everett+Financial+Inc.","https://books.google.com/books?isbn=1428952764"
"https://www.google.com/#q=Christine+Lewis+American+Advisors+Group","mortgage-brokers.credio.com/l/47596/Christine-Magdeline-Lewis"
"https://www.google.com/#q=Christine+Lewis+American+Advisors+Group","https://www.facebook.com › Places › Orange, California › Financial Planner"
"https://www.google.com/#q=Christine+Lewis+American+Advisors+Group","https://www.linkedin.com/company/american-advisors-group"
"https://www.google.com/#q=Christine+Lewis+American+Advisors+Group","https://www.americanadvisorsgroup.com/about-reverse-mortgages"
"https://www.google.com/#q=Christine+Lewis+American+Advisors+Group","www.thelewisfinancialgroup.com/Meet-Our-Team.3.htm"
"https://www.google.com/#q=Christine+Lewis+American+Advisors+Group","https://www.nccob.org/Online/NMLS/LicenseView.aspx?CID=4089"
"https://www.google.com/#q=Christine+Lewis+American+Advisors+Group","https://dbf.georgia.gov/sites/dbf.../MLOActivitybyLicenseStatus-January2016.pdf"
"https://www.google.com/#q=Christine+Lewis+American+Advisors+Group","https://dbf.georgia.gov/sites/dbf.georgia.../February2016MortgageSummary.pdf"
"https://www.google.com/#q=Christine+Lewis+American+Advisors+Group","www.bradenton.com/news/business/public-records/article161180913.html"
"https://www.google.com/#q=Christine+Lewis+American+Advisors+Group","https://www.tripadvisor.com › ... › Christchurch Restaurants › King of Snake"
"https://www.google.com/#q=Wendy+Bearden+Bearden+Wendy+Marie","https://www.beenverified.com › ... › Baun to Bednarski › Bearden to Beardslee"
"https://www.google.com/#q=Wendy+Bearden+Bearden+Wendy+Marie","https://www.instantcheckmate.com › People Search › Last Name (B)"
"https://www.google.com/#q=Wendy+Bearden+Bearden+Wendy+Marie","https://www.peoplesmart.com/find/name/wendy-bearden"
"https://www.google.com/#q=Wendy+Bearden+Bearden+Wendy+Marie","www.peekyou.com/wendy_bearden"
"https://www.google.com/#q=Wendy+Bearden+Bearden+Wendy+Marie","https://www.mylife.com/wendy-bearden/"
"https://www.google.com/#q=Wendy+Bearden+Bearden+Wendy+Marie","mortgage-lenders.credio.com/l/9805/Bearden-Wendy-Marie"
"https://www.google.com/#q=Wendy+Bearden+Bearden+Wendy+Marie","https://www.idtrue.com/name/Wendy-Bearden"
"https://www.google.com/#q=Wendy+Bearden+Bearden+Wendy+Marie","https://reunite.intelius.com/people/Wendy-Bearden"
"https://www.google.com/#q=Wendy+Bearden+Bearden+Wendy+Marie","www.whitepages.com/name/Wendy-Bearden"
"https://www.google.com/#q=Wendy+Bearden+Bearden+Wendy+Marie","#EANF#"
"https://www.google.com/#q=Wendy+Bearden+ARRAY+CAPITAL+INVESTMENT+COMPANY+LLC","www.manta.com › ... › Mortgage Bankers and Loan Correspondents › Mortgages"
"https://www.google.com/#q=Wendy+Bearden+ARRAY+CAPITAL+INVESTMENT+COMPANY+LLC","https://www.facebook.com › Places › Dallas, Texas › Mortgage Brokers"
"https://www.google.com/#q=Wendy+Bearden+ARRAY+CAPITAL+INVESTMENT+COMPANY+LLC","https://www.facebook.com › Places › Plano, Texas › Home Security Company"
"https://www.google.com/#q=Wendy+Bearden+ARRAY+CAPITAL+INVESTMENT+COMPANY+LLC","cityofwaterford.org/wp-content/.../CCAgenda%20121511%20-%20Full%20Packet.pd..."
"https://www.google.com/#q=Wendy+Bearden+ARRAY+CAPITAL+INVESTMENT+COMPANY+LLC","https://seekingalpha.com/article/2015_8.xml"
"https://www.google.com/#q=Wendy+Bearden+ARRAY+CAPITAL+INVESTMENT+COMPANY+LLC","https://seekingalpha.com/article/2015_11.xml"
"https://www.google.com/#q=Wendy+Bearden+ARRAY+CAPITAL+INVESTMENT+COMPANY+LLC","www.virginiabusiness.com/rss/base_mochila_nitf"
"https://www.google.com/#q=Wendy+Bearden+ARRAY+CAPITAL+INVESTMENT+COMPANY+LLC","https://www.myhousedeals.com/vendors.asp?market=Los+Angeles"
"https://www.google.com/#q=Wendy+Bearden+ARRAY+CAPITAL+INVESTMENT+COMPANY+LLC","https://www.tnledger.com/Archive/Ledger.Pdf?IssueId=764"
"https://www.google.com/#q=Wendy+Bearden+ARRAY+CAPITAL+INVESTMENT+COMPANY+LLC","https://comptroller.texas.gov/auto-data/purchasing/web_all_name.dat"
"https://www.google.com/#q=Debra+Smith+The+Lending+Partners+LLC","mortgage-brokers.credio.com/l/20770/Debra-Ann-Smith"
"https://www.google.com/#q=Debra+Smith+The+Lending+Partners+LLC","www.thelendingpartners.com/home-team/debras/"
"https://www.google.com/#q=Debra+Smith+The+Lending+Partners+LLC","www.thelendingpartners.com/staff-roster/"
"https://www.google.com/#q=Debra+Smith+The+Lending+Partners+LLC","www.thelendingpartners.com/"
"https://www.google.com/#q=Debra+Smith+The+Lending+Partners+LLC","https://holaconnect.com/profile/debra-smith-email-phone-6fabea89"
"https://www.google.com/#q=Debra+Smith+The+Lending+Partners+LLC","www.dfwtexasmortgage.com/brianw/"
"https://www.google.com/#q=Debra+Smith+The+Lending+Partners+LLC","www.hometeammortgage.com/staff-roster/"
"https://www.google.com/#q=Debra+Smith+The+Lending+Partners+LLC","www.hometeammtg.com/tammiem/"
"https://www.google.com/#q=Debra+Smith+The+Lending+Partners+LLC","www.zoominfo.com/c/The-Lending-Partners-LLC/345994182"
"https://www.google.com/#q=Debra+Smith+The+Lending+Partners+LLC","https://techchek.tips/hometeammortgage.info.html"
"https://www.google.com/#q=Jason+Bresnock+American+Advisors+Group","https://www.linkedin.com/in/jason-bresnock-56530859"
"https://www.google.com/#q=Jason+Bresnock+American+Advisors+Group","www.salesripe.com/contact/jason-bresnock-291978"
"https://www.google.com/#q=Jason+Bresnock+American+Advisors+Group","https://www.zillow.com › Lender Directory › Georgia › Kennesaw"
"https://www.google.com/#q=Jason+Bresnock+American+Advisors+Group","www.zoominfo.com/p/Jason-Bresnock/-1961352835"
"https://www.google.com/#q=Jason+Bresnock+American+Advisors+Group","https://www.lead411.com/Jason_Bresnock_21444137.html"
"https://www.google.com/#q=Jason+Bresnock+American+Advisors+Group","https://www.americanadvisorsgroup.com/"
"https://www.google.com/#q=Jason+Bresnock+American+Advisors+Group","https://www.americanadvisorsgroup.com/local/brad-dela-cruz"
"https://www.google.com/#q=Jason+Bresnock+American+Advisors+Group","https://ie.trustpilot.com › Categories › Money › Mortgage Broker"
"https://www.google.com/#q=Jason+Bresnock+American+Advisors+Group","https://no.trustpilot.com › Katalog › Penger › Boliglån Megler"
"https://www.google.com/#q=Jason+Bresnock+American+Advisors+Group","https://ie.trustpilot.com › Categories › Money › Mortgage Broker"
"https://www.google.com/#q=April+Collison+E+Mortgage+Management+LLC","https://emmloans.com/officers"
"https://www.google.com/#q=April+Collison+E+Mortgage+Management+LLC","https://www.linkedin.com/in/april-collison-4b2a0444"
"https://www.google.com/#q=April+Collison+E+Mortgage+Management+LLC","https://www.linkedin.com/in/april-collison-9ab5a17"
"https://www.google.com/#q=April+Collison+E+Mortgage+Management+LLC","https://www.linkedin.com/in/april-collison-4b2a0444/de"
"https://www.google.com/#q=April+Collison+E+Mortgage+Management+LLC","https://www.linkedin.com/in/chris-bartlett-5b432048"
"https://www.google.com/#q=April+Collison+E+Mortgage+Management+LLC","https://www.linkedin.com/pub/dir/April/Collison"
"https://www.google.com/#q=April+Collison+E+Mortgage+Management+LLC","https://www.linkedin.com/in/paul-kwon-7388b8b"
"https://www.google.com/#q=April+Collison+E+Mortgage+Management+LLC","https://www.linkedin.com/in/buzz-wagenseller-14323aa6"
"https://www.google.com/#q=April+Collison+E+Mortgage+Management+LLC","https://holaconnect.com/profile/april-collison-email-phone-8f8b9021"
"https://www.google.com/#q=April+Collison+E+Mortgage+Management+LLC","https://www.fortren.com/"
"https://www.google.com/#q=Latonya+White+Golden+Key+Realty+&+Mortgage+Services+LLC","goldenkeyrealty.net/about-us/"
"https://www.google.com/#q=Latonya+White+Golden+Key+Realty+&+Mortgage+Services+LLC","goldenkeyrealty.net/agent-detail/Tracey-Chastain/130495/"
"https://www.google.com/#q=Latonya+White+Golden+Key+Realty+&+Mortgage+Services+LLC","goldenkeyrealty.net/agent-detail/Margie-Stachurski/130492/"
"https://www.google.com/#q=Latonya+White+Golden+Key+Realty+&+Mortgage+Services+LLC","https://www.linkedin.com/pub/dir/Latonya/White"
"https://www.google.com/#q=Latonya+White+Golden+Key+Realty+&+Mortgage+Services+LLC","https://nz.raywhite.com/tonya-sarich/real-estate-agent/ts151808099/"
"https://www.google.com/#q=Latonya+White+Golden+Key+Realty+&+Mortgage+Services+LLC","www.realtoractioncenter.com › For Realtors › For Brokers › States"
"https://www.google.com/#q=Latonya+White+Golden+Key+Realty+&+Mortgage+Services+LLC","https://www.reoindustrydirectory.com/agent-by-name/r"
"https://www.google.com/#q=Latonya+White+Golden+Key+Realty+&+Mortgage+Services+LLC","https://www.reoindustrydirectory.com/agent-by-name/s"
"https://www.google.com/#q=Latonya+White+Golden+Key+Realty+&+Mortgage+Services+LLC","https://www.reoindustrydirectory.com/agent-by-name/M"
"https://www.google.com/#q=Nayef+Taamneh+loanDepot.com+LLC","mortgage-brokers.credio.com/l/41973/Nayef-Sultan-Taamneh"
"https://www.google.com/#q=Nayef+Taamneh+loanDepot.com+LLC","https://www.nccob.org/Online/NMLS/LicenseView.aspx?CID=3606"
"https://www.google.com/#q=Nayef+Taamneh+loanDepot.com+LLC","https://www.instantcheckmate.com › People Search › Last Name (T)"
"https://www.google.com/#q=Nayef+Taamneh+loanDepot.com+LLC","www.securities.arkansas.gov/.../Copy%20of%201-15-2015%20NMLS%20Companies%..."
"https://www.google.com/#q=Nayef+Taamneh+loanDepot.com+LLC","https://www.ft.com/stream/79724298-5cd9-3ea4-acde-58681263e7fb?mhq5j=e2"
"https://www.google.com/#q=Nayef+Taamneh+loanDepot.com+LLC","https://www.ft.com/content/0d299e2e-b533-11e5-8358-9a82b43f6b2f?mhq5j=e2"
"https://www.google.com/#q=Nayef+Taamneh+loanDepot.com+LLC","www.newsweek.com/house-cards-saudi-prince-ousted-younger-cousin-confined-jedd..."
"https://www.google.com/#q=Nayef+Taamneh+loanDepot.com+LLC","www.cnn.com/2017/06/29/middleeast/saudi-arabia-ousted-crown.../index.html"
"https://www.google.com/#q=Nayef+Taamneh+loanDepot.com+LLC","#EANF#"
"https://www.google.com/#q=Nayef+Taamneh+loanDepot.com+LLC","#EANF#"
"https://www.google.com/#q=Jonathan+Lee+NATIONS+LENDING+CORPORATION","https://www.linkedin.com/in/leehowards"
"https://www.google.com/#q=Jonathan+Lee+NATIONS+LENDING+CORPORATION","https://www.linkedin.com/in/jon-sopko-75a88281"
"https://www.google.com/#q=Jonathan+Lee+NATIONS+LENDING+CORPORATION","https://nlcloans.com/about-nlc/meet-the-team/"
"https://www.google.com/#q=Jonathan+Lee+NATIONS+LENDING+CORPORATION","www.nationslending.com/"
"https://www.google.com/#q=Jonathan+Lee+NATIONS+LENDING+CORPORATION","www.nationslending.com/branch"
"https://www.google.com/#q=Jonathan+Lee+NATIONS+LENDING+CORPORATION","www.nationslending.com/branch/ga"
"https://www.google.com/#q=Jonathan+Lee+NATIONS+LENDING+CORPORATION","https://www.nationslending.com/contact"
"https://www.google.com/#q=Jonathan+Lee+NATIONS+LENDING+CORPORATION","https://dbf.georgia.gov/sites/dbf.georgia.gov/.../October2015MortgageSummary.pdf"
"https://www.google.com/#q=Jonathan+Lee+NATIONS+LENDING+CORPORATION","mortgage-brokers.credio.com/l/3869/Jonathan-T-Freese"
"https://www.google.com/#q=Jonathan+Lee+NATIONS+LENDING+CORPORATION","www.housingandcommunityresources.net/.../October2016DAPMortgageCompanies.p..."
"https://www.google.com/#q=Jason+Sheppard+WR+Starkey+Mortgage+LLP","https://www.starkeymtg.com/lo/JasonSheppard"
"https://www.google.com/#q=Jason+Sheppard+WR+Starkey+Mortgage+LLP","https://www.linkedin.com/in/sheppardjason"
"https://www.google.com/#q=Jason+Sheppard+WR+Starkey+Mortgage+LLP","mortgage-brokers.credio.com/l/42448/Jason-David-Sheppard"
"https://www.google.com/#q=Jason+Sheppard+WR+Starkey+Mortgage+LLP","https://yellow.place › United States › Plano › Finance › Bank/Financial Service"
"https://www.google.com/#q=Jason+Sheppard+WR+Starkey+Mortgage+LLP","https://www.facebook.com/pages/WR-Starkey/106137886088534"
"https://www.google.com/#q=Jason+Sheppard+WR+Starkey+Mortgage+LLP","https://bizstanding.com › NC › WR › WR-3 › Wr Starkey Mortgage"
"https://www.google.com/#q=Jason+Sheppard+WR+Starkey+Mortgage+LLP","coba.georgiasouthern.edu/current-eagle-executive-society-members/"
"https://www.google.com/#q=Jason+Sheppard+WR+Starkey+Mortgage+LLP","radaris.com/p/Jason/Sheppard/"
"https://www.google.com/#q=Jason+Sheppard+WR+Starkey+Mortgage+LLP","www.e-ccta.org/Forms/Treasurer/MONA%20Lists/2013_MONA_TS_LIST.txt"
"https://www.google.com/#q=Jason+Sheppard+WR+Starkey+Mortgage+LLP","www.texasmba.org/secure/newsletter/09_sept.pdf"
"https://www.google.com/#q=Katherine+Clayton+Cendera+Funding+Inc.","https://www.linkedin.com/in/katherine-clayton-a9953476"
"https://www.google.com/#q=Katherine+Clayton+Cendera+Funding+Inc.","mortgage-brokers.credio.com/l/52975/Katherine-Clayton"
"https://www.google.com/#q=Katherine+Clayton+Cendera+Funding+Inc.","www.salesripe.com/contact/katherine-clayton-3700188"
"https://www.google.com/#q=Katherine+Clayton+Cendera+Funding+Inc.","https://www.lead411.com/Katherine_Clayton_17448762.html"
"https://www.google.com/#q=Katherine+Clayton+Cendera+Funding+Inc.","https://www.cenderafunding.com/"
"https://www.google.com/#q=Katherine+Clayton+Cendera+Funding+Inc.","https://it-it.facebook.com/public/Cleyton-Kathe"
"https://www.google.com/#q=Katherine+Clayton+Cendera+Funding+Inc.","ufind.name/Katherine+Clayton"
"https://www.google.com/#q=Katherine+Clayton+Cendera+Funding+Inc.","www.peekyou.com/kathryn_clayton"
"https://www.google.com/#q=Katherine+Clayton+Cendera+Funding+Inc.","https://www.texasmba.org/convention/docs/prereg.pdf"
"https://www.google.com/#q=Katherine+Clayton+Cendera+Funding+Inc.","https://www.ok.gov/okdocc/documents/2015%20ANNUAL%20REPORT.pdf"
"https://www.google.com/#q=Audrey+Fuller+DHI+MORTGAGE+COMPANY+LTD.","mortgage-brokers.credio.com/l/48044/Audrey-Linn-Fuller"
"https://www.google.com/#q=Audrey+Fuller+DHI+MORTGAGE+COMPANY+LTD.","https://www.linkedin.com/in/audreyfuller"
"https://www.google.com/#q=Audrey+Fuller+DHI+MORTGAGE+COMPANY+LTD.","www.salesripe.com/contact/audrey-fuller-1107752"
"https://www.google.com/#q=Audrey+Fuller+DHI+MORTGAGE+COMPANY+LTD.","https://www.lead411.com/Audrey_Fuller_8003218.html"
"https://www.google.com/#q=Audrey+Fuller+DHI+MORTGAGE+COMPANY+LTD.","https://www.lead411.com/Mindy_Wong_21293220.html"
"https://www.google.com/#q=Audrey+Fuller+DHI+MORTGAGE+COMPANY+LTD.","https://app.lead411.com/Lyman_King_21293408.html"
"https://www.google.com/#q=Audrey+Fuller+DHI+MORTGAGE+COMPANY+LTD.","https://www.lead411.com/Amy_Keen_21293412.html"
"https://www.google.com/#q=Audrey+Fuller+DHI+MORTGAGE+COMPANY+LTD.","www.zoominfo.com/p/Audrey-Fuller/1930277381"
"https://www.google.com/#q=Audrey+Fuller+DHI+MORTGAGE+COMPANY+LTD.","https://www.intelius.com/people/Audrey-Fuller/060ea1bvmd5"
"https://www.google.com/#q=Audrey+Fuller+DHI+MORTGAGE+COMPANY+LTD.","https://www.dhimortgage.com/Loan-Officers/Amy-Emerson"
"https://www.google.com/#q=Jennifer+Weidner+State+Farm+Bank+F.S.B.","https://www.statefarm.com/agent/US/TX/Allen/Jenny-Weidner-6D5JG2ZJ000"
"https://www.google.com/#q=Jennifer+Weidner+State+Farm+Bank+F.S.B.","https://www.statefarm.com/agent/US/CA/Foster.../Jennifer-Selvitella-DTGCP1YS000"
"https://www.google.com/#q=Jennifer+Weidner+State+Farm+Bank+F.S.B.","https://www.statefarm.com/agent/US/TX/Allen/Jenny-Weidner.../map?..."
"https://www.google.com/#q=Jennifer+Weidner+State+Farm+Bank+F.S.B.","https://books.google.com/books?isbn=1563117916"
"https://www.google.com/#q=Jennifer+Weidner+State+Farm+Bank+F.S.B.","https://treas-secure.state.mi.us/unclaimedProperty/search.asp?destURL...name=tom"
"https://www.google.com/#q=Jennifer+Weidner+State+Farm+Bank+F.S.B.","https://mn.gov/law-library-stat/archive/cau02dkt.html"
"https://www.google.com/#q=Jennifer+Weidner+State+Farm+Bank+F.S.B.","www.vindy.com/news/2014/aug/21/courts/?print"
"https://www.google.com/#q=Jennifer+Weidner+State+Farm+Bank+F.S.B.","https://www.courts.wa.gov › Courts › Court Briefs"
"https://www.google.com/#q=Jennifer+Weidner+State+Farm+Bank+F.S.B.","https://www.co.washington.mn.us/Archive.aspx?ADID=512"
"https://www.google.com/#q=Jennifer+Weidner+State+Farm+Bank+F.S.B.","https://www.yellowpages.com/whitesboro-tx/texas-state-low-cost-insurance"
"https://www.google.com/#q=John+Dillon+One+Reverse+Mortgage+LLC","https://www.onereversemortgage.com › Where We Lend"
"https://www.google.com/#q=John+Dillon+One+Reverse+Mortgage+LLC","https://www.onereversemortgage.com › States › Oregon"
"https://www.google.com/#q=John+Dillon+One+Reverse+Mortgage+LLC","https://www.onereversemortgage.com › Where We Lend"
"https://www.google.com/#q=John+Dillon+One+Reverse+Mortgage+LLC","mortgage-brokers.credio.com/l/41956/John-William-Dillon-II"
"https://www.google.com/#q=John+Dillon+One+Reverse+Mortgage+LLC","https://www.linkedin.com/in/john-dillon-92268018"
"https://www.google.com/#q=John+Dillon+One+Reverse+Mortgage+LLC","https://social.pr/p/orm-reverse-mortgage-team/JohnDillon/"
"https://www.google.com/#q=John+Dillon+One+Reverse+Mortgage+LLC","https://social.pr/p/orm-reverse-mortgage-team/employees/?page=5"
"https://www.google.com/#q=John+Dillon+One+Reverse+Mortgage+LLC","https://dbf.georgia.gov/sites/dbf.georgia.gov/.../June2016MortgageSummary.pdf"
"https://www.google.com/#q=John+Dillon+One+Reverse+Mortgage+LLC","https://blackamericaweb.com/.../dennys-presents-tom-joyner-foundation-with-25k-tal..."
"https://www.google.com/#q=John+Dillon+One+Reverse+Mortgage+LLC","www.dfs.ny.gov/reportpub/wb160122.htm"
"https://www.google.com/#q=Kenneth+Lutterbach+One+Reverse+Mortgage+LLC","https://www.onereversemortgage.com › Where We Lend"
"https://www.google.com/#q=Kenneth+Lutterbach+One+Reverse+Mortgage+LLC","https://www.linkedin.com/in/ken-lutterbach-4b02999b"
"https://www.google.com/#q=Kenneth+Lutterbach+One+Reverse+Mortgage+LLC","https://www.linkedin.com/titlebanker-at-one-reverse-mortgage,-nmls-%232052"
"https://www.google.com/#q=Kenneth+Lutterbach+One+Reverse+Mortgage+LLC","https://social.pr/p/orm-reverse-mortgage-team/KennethLutterbach/"
"https://www.google.com/#q=Kenneth+Lutterbach+One+Reverse+Mortgage+LLC","mortgage-brokers.credio.com/l/20759/Kenneth-Brandon-Lutterbach"
"https://www.google.com/#q=Kenneth+Lutterbach+One+Reverse+Mortgage+LLC","https://www.nccob.org/Online/NMLS/LicenseView.aspx?CID=3261"
"https://www.google.com/#q=Kenneth+Lutterbach+One+Reverse+Mortgage+LLC","https://www.owler.com/iaApp/173456/one-reverse-mortgage-company-profile"
"https://www.google.com/#q=Kenneth+Lutterbach+One+Reverse+Mortgage+LLC","www.dfs.ny.gov/reportpub/wb141010.htm"
"https://www.google.com/#q=Kenneth+Lutterbach+One+Reverse+Mortgage+LLC","https://www.ok.gov/okdocc/documents/2015%20ANNUAL%20REPORT.pdf"
"https://www.google.com/#q=Kenneth+Lutterbach+One+Reverse+Mortgage+LLC","https://www.pinterest.com/pin/566538828102762935/"
"https://www.google.com/#q=Gregory+Harper+Everett+Financial+Inc.","https://www.johnschutze.com/the-schutze-team/"
"https://www.google.com/#q=Gregory+Harper+Everett+Financial+Inc.","https://www.johnschutze.com/"
"https://www.google.com/#q=Gregory+Harper+Everett+Financial+Inc.","https://www.linkedin.com/in/gregory-everett-37822291"
"https://www.google.com/#q=Gregory+Harper+Everett+Financial+Inc.","www.supremelending.com/ContactUs.aspx"
"https://www.google.com/#q=Gregory+Harper+Everett+Financial+Inc.","https://www.supremelending.com/AboutUs.aspx"
"https://www.google.com/#q=Gregory+Harper+Everett+Financial+Inc.","quotes.wsj.com/ENBBF/company-people/executive-profile/46255378"
"https://www.google.com/#q=Gregory+Harper+Everett+Financial+Inc.","mortgage-brokers.credio.com/l/15709/Claudio-Marcelo-Ostrovich"
"https://www.google.com/#q=Gregory+Harper+Everett+Financial+Inc.","www.resgonline.com/search"
"https://www.google.com/#q=Gregory+Harper+Everett+Financial+Inc.","https://www.michigan.gov/documents/mshda_successful_lenders_list_165180_7.pdf"
"https://www.google.com/#q=Gregory+Harper+Everett+Financial+Inc.","https://books.google.com/books?isbn=1428952764"
"https://www.google.com/#q=Christine+Lewis+American+Advisors+Group","mortgage-brokers.credio.com/l/47596/Christine-Magdeline-Lewis"
"https://www.google.com/#q=Christine+Lewis+American+Advisors+Group","https://www.facebook.com › Places › Orange, California › Financial Planner"
"https://www.google.com/#q=Christine+Lewis+American+Advisors+Group","https://www.linkedin.com/company/american-advisors-group"
"https://www.google.com/#q=Christine+Lewis+American+Advisors+Group","www.thelewisfinancialgroup.com/Meet-Our-Team.3.htm"
"https://www.google.com/#q=Christine+Lewis+American+Advisors+Group","https://www.americanadvisorsgroup.com/contact-us"
"https://www.google.com/#q=Christine+Lewis+American+Advisors+Group","https://www.nccob.org/Online/NMLS/LicenseView.aspx?CID=4089"
"https://www.google.com/#q=Christine+Lewis+American+Advisors+Group","health.usnews.com/doctors/christine-lewis-807986"
"https://www.google.com/#q=Christine+Lewis+American+Advisors+Group","https://dbf.georgia.gov/sites/dbf.../MLOActivitybyLicenseStatus-January2016.pdf"
"https://www.google.com/#q=Christine+Lewis+American+Advisors+Group","https://dbf.georgia.gov/sites/dbf.georgia.../February2016MortgageSummary.pdf"
"https://www.google.com/#q=Christine+Lewis+American+Advisors+Group","https://www.tripadvisor.com › ... › Christchurch Restaurants › King of Snake"
"https://www.google.com/#q=Wendy+Bearden+Bearden+Wendy+Marie","https://www.beenverified.com › ... › Baun to Bednarski › Bearden to Beardslee"
"https://www.google.com/#q=Wendy+Bearden+Bearden+Wendy+Marie","https://www.instantcheckmate.com › People Search › Last Name (B)"
"https://www.google.com/#q=Wendy+Bearden+Bearden+Wendy+Marie","https://www.peoplesmart.com/find/name/wendy-bearden"
"https://www.google.com/#q=Wendy+Bearden+Bearden+Wendy+Marie","www.peekyou.com/wendy_bearden"
"https://www.google.com/#q=Wendy+Bearden+Bearden+Wendy+Marie","https://www.mylife.com/wendy-bearden/"
"https://www.google.com/#q=Wendy+Bearden+Bearden+Wendy+Marie","https://www.idtrue.com/name/Wendy-Bearden"
"https://www.google.com/#q=Wendy+Bearden+Bearden+Wendy+Marie","https://reunite.intelius.com/people/Wendy-Bearden"
"https://www.google.com/#q=Wendy+Bearden+Bearden+Wendy+Marie","www.whitepages.com/name/Wendy-Bearden/FL"
"https://www.google.com/#q=Wendy+Bearden+Bearden+Wendy+Marie","www.whitepages.com/name/Wendy-Bearden"
"https://www.google.com/#q=Wendy+Bearden+Bearden+Wendy+Marie","#EANF#"
"https://www.google.com/#q=Wendy+Bearden+ARRAY+CAPITAL+INVESTMENT+COMPANY+LLC","www.manta.com › ... › Mortgage Bankers and Loan Correspondents › Mortgages"
"https://www.google.com/#q=Wendy+Bearden+ARRAY+CAPITAL+INVESTMENT+COMPANY+LLC","https://www.facebook.com › Places › Dallas, Texas › Mortgage Brokers"
"https://www.google.com/#q=Wendy+Bearden+ARRAY+CAPITAL+INVESTMENT+COMPANY+LLC","mortgage-lenders.credio.com/l/10438/Array-Capital-Investment-Company-LLC"
"https://www.google.com/#q=Wendy+Bearden+ARRAY+CAPITAL+INVESTMENT+COMPANY+LLC","https://www.myhousedeals.com/vendors.asp?market=Los+Angeles"
"https://www.google.com/#q=Wendy+Bearden+ARRAY+CAPITAL+INVESTMENT+COMPANY+LLC","cityofwaterford.org/wp-content/.../CCAgenda%20121511%20-%20Full%20Packet.pd..."
"https://www.google.com/#q=Wendy+Bearden+ARRAY+CAPITAL+INVESTMENT+COMPANY+LLC","https://seekingalpha.com/article/2015_8.xml"
"https://www.google.com/#q=Wendy+Bearden+ARRAY+CAPITAL+INVESTMENT+COMPANY+LLC","www.virginiabusiness.com/rss/base_mochila_nitf"
"https://www.google.com/#q=Wendy+Bearden+ARRAY+CAPITAL+INVESTMENT+COMPANY+LLC","https://www.tnledger.com/Archive/Ledger.Pdf?IssueId=764"
"https://www.google.com/#q=Wendy+Bearden+ARRAY+CAPITAL+INVESTMENT+COMPANY+LLC","https://issuu.com/therealreporter/docs/trrv9.517"
"https://www.google.com/#q=Wendy+Bearden+ARRAY+CAPITAL+INVESTMENT+COMPANY+LLC","www.chasseconsulting.com/austin_20080801.pdf"
"https://www.google.com/#q=Debra+Smith+The+Lending+Partners+LLC","www.thelendingpartners.com/home-team/debras/"
"https://www.google.com/#q=Debra+Smith+The+Lending+Partners+LLC","www.thelendingpartners.com/staff-roster/"
"https://www.google.com/#q=Debra+Smith+The+Lending+Partners+LLC","www.thelendingpartners.com/about-us/"
"https://www.google.com/#q=Debra+Smith+The+Lending+Partners+LLC","www.yhtm.com/"
"https://www.google.com/#q=Debra+Smith+The+Lending+Partners+LLC","https://holaconnect.com/profile/debra-smith-email-phone-6fabea89"
"https://www.google.com/#q=Debra+Smith+The+Lending+Partners+LLC","https://www.linkedin.com/in/alexparker13"
"https://www.google.com/#q=Debra+Smith+The+Lending+Partners+LLC","www.hometeammortgage.com/testimonials/"
"https://www.google.com/#q=Debra+Smith+The+Lending+Partners+LLC","mortgage-lenders.credio.com/l/6316/The-Lending-Partners-LLC"
"https://www.google.com/#q=Debra+Smith+The+Lending+Partners+LLC","www.hometeammtg.com/tammiem/"
"https://www.google.com/#q=Debra+Smith+The+Lending+Partners+LLC","www.zoominfo.com/c/The-Lending-Partners-LLC/345994182"
"https://www.google.com/#q=Jason+Bresnock+American+Advisors+Group","https://www.linkedin.com/in/jason-bresnock-56530859"
"https://www.google.com/#q=Jason+Bresnock+American+Advisors+Group","www.salesripe.com/contact/jason-bresnock-291978"
"https://www.google.com/#q=Jason+Bresnock+American+Advisors+Group","https://www.zillow.com › Lender Directory › Georgia › Kennesaw"
"https://www.google.com/#q=Jason+Bresnock+American+Advisors+Group","www.zoominfo.com/p/Jason-Bresnock/-1961352835"
"https://www.google.com/#q=Jason+Bresnock+American+Advisors+Group","https://www.lead411.com/Jason_Bresnock_21444137.html"
"https://www.google.com/#q=Jason+Bresnock+American+Advisors+Group","https://www.americanadvisorsgroup.com/local/brad-dela-cruz"
"https://www.google.com/#q=Jason+Bresnock+American+Advisors+Group","https://www.americanadvisorsgroup.com/wholesale"
"https://www.google.com/#q=Jason+Bresnock+American+Advisors+Group","https://ie.trustpilot.com › Categories › Money › Mortgage Broker"
"https://www.google.com/#q=Jason+Bresnock+American+Advisors+Group","https://uk.trustpilot.com/amp/review/americanadvisorsgroup.com?page=7"
"https://www.google.com/#q=Jason+Bresnock+American+Advisors+Group","https://no.trustpilot.com › Katalog › Penger › Boliglån Megler"
"https://www.google.com/#q=April+Collison+E+Mortgage+Management+LLC","https://emmloans.com/officers"
"https://www.google.com/#q=April+Collison+E+Mortgage+Management+LLC","https://www.linkedin.com/in/april-collison-4b2a0444"
"https://www.google.com/#q=April+Collison+E+Mortgage+Management+LLC","https://www.linkedin.com/in/april-collison-9ab5a17"
"https://www.google.com/#q=April+Collison+E+Mortgage+Management+LLC","https://www.linkedin.com/in/april-collison-4b2a0444/de"
"https://www.google.com/#q=April+Collison+E+Mortgage+Management+LLC","https://www.linkedin.com/in/chris-bartlett-5b432048"
"https://www.google.com/#q=April+Collison+E+Mortgage+Management+LLC","https://www.linkedin.com/pub/dir/April/Collison"
"https://www.google.com/#q=April+Collison+E+Mortgage+Management+LLC","https://www.linkedin.com/in/paul-kwon-7388b8b"
"https://www.google.com/#q=April+Collison+E+Mortgage+Management+LLC","https://holaconnect.com/profile/april-collison-email-phone-8f8b9021"
"https://www.google.com/#q=April+Collison+E+Mortgage+Management+LLC","www.prnewswire.com/.../e-mortgage-management-llc-emm-announces-the-acquisitio..."
"https://www.google.com/#q=April+Collison+E+Mortgage+Management+LLC","https://www.fortren.com/"
"https://www.google.com/#q=Latonya+White+Golden+Key+Realty+&+Mortgage+Services+LLC","goldenkeyrealty.net/about-us/"
"https://www.google.com/#q=Latonya+White+Golden+Key+Realty+&+Mortgage+Services+LLC","goldenkeyrealty.net/agent-detail/Tammy-Giles/130498/"
"https://www.google.com/#q=Latonya+White+Golden+Key+Realty+&+Mortgage+Services+LLC","goldenkeyrealty.net/agent-detail/Kathy-Balletto/130490/"
"https://www.google.com/#q=Latonya+White+Golden+Key+Realty+&+Mortgage+Services+LLC","https://www.linkedin.com/pub/dir/Latonya/White"
"https://www.google.com/#q=Latonya+White+Golden+Key+Realty+&+Mortgage+Services+LLC","https://nz.raywhite.com/tonya-sarich/real-estate-agent/ts151808099/"
"https://www.google.com/#q=Latonya+White+Golden+Key+Realty+&+Mortgage+Services+LLC","www.realtoractioncenter.com › For Realtors › For Brokers › States"
"https://www.google.com/#q=Latonya+White+Golden+Key+Realty+&+Mortgage+Services+LLC","https://www.reoindustrydirectory.com/agent-by-name/r"
"https://www.google.com/#q=Latonya+White+Golden+Key+Realty+&+Mortgage+Services+LLC","https://www.reoindustrydirectory.com/agent-by-name/s"
"https://www.google.com/#q=Latonya+White+Golden+Key+Realty+&+Mortgage+Services+LLC","https://www.reoindustrydirectory.com/agent-by-name/M"
"https://www.google.com/#q=Latonya+White+Golden+Key+Realty+&+Mortgage+Services+LLC","www.forbes.ashford.edu/online-learning-experience/.../golden-key-past-inductees/"
"https://www.google.com/#q=Jarred+Briggle+Cendera+Funding+Inc.","https://www.cenderafunding.com/mortgage-banker/jarred-briggle/"
"https://www.google.com/#q=Jarred+Briggle+Cendera+Funding+Inc.","mortgage-brokers.credio.com/l/52976/Jarred-Dale-Briggle"
"https://www.google.com/#q=Jarred+Briggle+Cendera+Funding+Inc.","https://jbriggle.mortgage-application.net/ContactUs.aspx"
"https://www.google.com/#q=Jarred+Briggle+Cendera+Funding+Inc.","https://wallethub.com › Reviews › Mortgage Brokers"
"https://www.google.com/#q=Jarred+Briggle+Cendera+Funding+Inc.","https://www.linkedin.com/in/jarredbriggle"
"https://www.google.com/#q=Jarred+Briggle+Cendera+Funding+Inc.","www.zoominfo.com/p/Jarred-Briggle/-2047916450"
"https://www.google.com/#q=Jarred+Briggle+Cendera+Funding+Inc.","https://www.youtube.com/watch?v=w2vksEa_k7M"
"https://www.google.com/#q=Jarred+Briggle+Cendera+Funding+Inc.","https://www.facebook.com/jarred.briggle"
"https://www.google.com/#q=Jarred+Briggle+Cendera+Funding+Inc.","https://www.spokeo.com › People › Last Name (B)"
"https://www.google.com/#q=Jarred+Briggle+Cendera+Funding+Inc.","https://twitter.com/cenderafunding?lang=en"
"https://www.google.com/#q=Korrie+Iverson+Mortgage+Research+Center+LLC","mortgage-brokers.credio.com/l/186411/Korrie-Noelle-Iverson"
"https://www.google.com/#q=Korrie+Iverson+Mortgage+Research+Center+LLC","https://www.veteransunited.com/contact/"
"https://www.google.com/#q=Korrie+Iverson+Mortgage+Research+Center+LLC","https://augusta.veteransunited.com/contact/"
"https://www.google.com/#q=Korrie+Iverson+Mortgage+Research+Center+LLC","www.dfs.ny.gov/reportpub/wb161125.htm"
"https://www.google.com/#q=Korrie+Iverson+Mortgage+Research+Center+LLC","https://dbf.georgia.gov/sites/dbf.georgia.gov/.../August2016MortgageSummary.pdf"
"https://www.google.com/#q=Korrie+Iverson+Mortgage+Research+Center+LLC","https://dbf.georgia.gov/sites/dbf.georgia.../November2015MortgageSummary.pdf"
"https://www.google.com/#q=Korrie+Iverson+Mortgage+Research+Center+LLC","https://issuu.com/thechambergfegf/docs/2015communityprofilememberdirectory"
"https://www.google.com/#q=Korrie+Iverson+Mortgage+Research+Center+LLC","www.westlandlibrary.org/pdf/observers/2005-02-17.pdf"
"https://www.google.com/#q=Korrie+Iverson+Mortgage+Research+Center+LLC","articles.dailypress.com/articles_2010_01_00000.xml"
"https://www.google.com/#q=Korrie+Iverson+Mortgage+Research+Center+LLC","alumnius.net/loyola_university_ch-8278-199"
"https://www.google.com/#q=Janice+Austin+ISGN+Solutions+Inc.","mortgage-brokers.credio.com/d/c/ISGN-Solutions%2C-Inc-..-"
"https://www.google.com/#q=Janice+Austin+ISGN+Solutions+Inc.","www.isgnsolutions.com/about-us/"
"https://www.google.com/#q=Janice+Austin+ISGN+Solutions+Inc.","www.isgnsolutions.com/vendor-services/"
"https://www.google.com/#q=Joseph+McGroom+21st+Mortgage+Corporation","www.concordhomesnh.com/21st_Mortgage_8-1-14.pdf"
"https://www.google.com/#q=Joseph+McGroom+21st+Mortgage+Corporation","www.jacomobilehomes.com/download_file/view/279/178"
"https://www.google.com/#q=Joseph+McGroom+21st+Mortgage+Corporation","mobilehomeconcepts.com/dev/wp-content/.../07/21st-Application-07.21.20141.pdf"
"https://www.google.com/#q=Joseph+McGroom+21st+Mortgage+Corporation","cdn-9.psndealer.com/e2/dealersite/.../loanapplicationgreenlawncompanies12216.pdf"
"https://www.google.com/#q=Peter+Chase+CrossCountry+Mortgage+Inc.","www.txteamccm.com/EmployeeDetail.aspx?EmployeeID=80062&"
"https://www.google.com/#q=Peter+Chase+CrossCountry+Mortgage+Inc.","www.txteamccm.com/EmployeeList.aspx?"
"https://www.google.com/#q=Peter+Chase+CrossCountry+Mortgage+Inc.","https://www.linkedin.com/in/peter-chase-b940a41b"
"https://www.google.com/#q=Peter+Chase+CrossCountry+Mortgage+Inc.","www.ohiohomefinancing.com/EmployeeDetail.aspx?EmployeeID=54494&"
"https://www.google.com/#q=Peter+Chase+CrossCountry+Mortgage+Inc.","www.bnidfw.com/tx-austin-bni-the.../memberdetails.php?...PETER%20CHASE"
"https://www.google.com/#q=Peter+Chase+CrossCountry+Mortgage+Inc.","https://crosscountrymortgage.com/"
"https://www.google.com/#q=Peter+Chase+CrossCountry+Mortgage+Inc.","www.bniamerica.com/en-us/chapterdetails.php?chapterId=16376&t...name..."
"https://www.google.com/#q=Peter+Chase+CrossCountry+Mortgage+Inc.","www.bniamerica.com/en-us/memberlist?chapterName=16376&t..."
"https://www.google.com/#q=Peter+Chase+CrossCountry+Mortgage+Inc.","https://www.nh.gov/banking/consumer-credit/documents/loan-originators.xls"
"https://www.google.com/#q=Peter+Chase+CrossCountry+Mortgage+Inc.","www.indeed.com/q-Mortgage-Branch-Manager-l-Bradenton,-FL-jobs.html"
"https://www.google.com/#q=Sandra+Durant+Lifeway+Lending+Group+Inc.","mortgage-brokers.credio.com/l/186758/Sandra-L-Durant"
"https://www.google.com/#q=Sandra+Durant+Lifeway+Lending+Group+Inc.","mortgage-lenders.credio.com/l/10754/Lifeway-Lending-Group-Inc"
"https://www.google.com/#q=Sandra+Durant+Lifeway+Lending+Group+Inc.","https://www.facebook.com/sandy.lifewaylending/info"
"https://www.google.com/#q=Sandra+Durant+Lifeway+Lending+Group+Inc.","https://be.linkedin.com/in/sandra-durant-88678425"
"https://www.google.com/#q=Sandra+Durant+Lifeway+Lending+Group+Inc.","https://www.linkedin.com/in/sandra-durand-6a38004b"
"https://www.google.com/#q=Sandra+Durant+Lifeway+Lending+Group+Inc.","https://github.com/UrbanStrategies/HMDA/blob/.../instituions_respondent_id_index.cs...""https://www.google.com/#q=Nayef+Taamneh+loanDepot.com+LLC","mortgage-brokers.credio.com/l/41973/Nayef-Sultan-Taamneh"
"https://www.google.com/#q=Nayef+Taamneh+loanDepot.com+LLC","https://www.nccob.org/Online/NMLS/LicenseView.aspx?CID=3606"
"https://www.google.com/#q=Nayef+Taamneh+loanDepot.com+LLC","https://www.instantcheckmate.com › People Search › Last Name (T)"
"https://www.google.com/#q=Nayef+Taamneh+loanDepot.com+LLC","www.securities.arkansas.gov/.../Copy%20of%201-15-2015%20NMLS%20Companies%..."
"https://www.google.com/#q=Nayef+Taamneh+loanDepot.com+LLC","https://www.ft.com/stream/79724298-5cd9-3ea4-acde-58681263e7fb?mhq5j=e2"
"https://www.google.com/#q=Nayef+Taamneh+loanDepot.com+LLC","https://www.ft.com/content/0d299e2e-b533-11e5-8358-9a82b43f6b2f?mhq5j=e2"
"https://www.google.com/#q=Nayef+Taamneh+loanDepot.com+LLC","www.newsweek.com/house-cards-saudi-prince-ousted-younger-cousin-confined-jedd..."
"https://www.google.com/#q=Nayef+Taamneh+loanDepot.com+LLC","www.cnn.com/2017/06/29/middleeast/saudi-arabia-ousted-crown.../index.html"
"https://www.google.com/#q=Nayef+Taamneh+loanDepot.com+LLC","#EANF#"
"https://www.google.com/#q=Nayef+Taamneh+loanDepot.com+LLC","#EANF#"
"https://www.google.com/#q=Jonathan+Lee+NATIONS+LENDING+CORPORATION","https://www.linkedin.com/in/leehowards"
"https://www.google.com/#q=Jonathan+Lee+NATIONS+LENDING+CORPORATION","https://www.linkedin.com/in/jon-sopko-75a88281"
"https://www.google.com/#q=Jonathan+Lee+NATIONS+LENDING+CORPORATION","https://nlcloans.com/about-nlc/meet-the-team/"
"https://www.google.com/#q=Jonathan+Lee+NATIONS+LENDING+CORPORATION","www.nationslending.com/"
"https://www.google.com/#q=Jonathan+Lee+NATIONS+LENDING+CORPORATION","www.nationslending.com/branch"
"https://www.google.com/#q=Jonathan+Lee+NATIONS+LENDING+CORPORATION","www.nationslending.com/loan-officer/detail/2885/jeff-bubenchik"
"https://www.google.com/#q=Jonathan+Lee+NATIONS+LENDING+CORPORATION","https://www.nationslending.com/contact"
"https://www.google.com/#q=Jonathan+Lee+NATIONS+LENDING+CORPORATION","www.nationslending.com/branch/tx/humble"
"https://www.google.com/#q=Jonathan+Lee+NATIONS+LENDING+CORPORATION","www.nationslending.com/loan-officer?branch=492"
"https://www.google.com/#q=Jonathan+Lee+NATIONS+LENDING+CORPORATION","https://dbf.georgia.gov/sites/dbf.georgia.gov/.../October2015MortgageSummary.pdf"
"https://www.google.com/#q=Jason+Sheppard+WR+Starkey+Mortgage+LLP","https://www.starkeymtg.com/lo/JasonSheppard"
"https://www.google.com/#q=Jason+Sheppard+WR+Starkey+Mortgage+LLP","https://www.linkedin.com/in/sheppardjason"
"https://www.google.com/#q=Jason+Sheppard+WR+Starkey+Mortgage+LLP","mortgage-brokers.credio.com/l/42448/Jason-David-Sheppard"
"https://www.google.com/#q=Jason+Sheppard+WR+Starkey+Mortgage+LLP","https://www.bbb.org/dallas/.../mortgage.../w-r-starkey-mortgage-llp-in-plano-tx-6002..."
"https://www.google.com/#q=Jason+Sheppard+WR+Starkey+Mortgage+LLP","https://yellow.place › United States › Plano › Finance › Bank/Financial Service"
"https://www.google.com/#q=Jason+Sheppard+WR+Starkey+Mortgage+LLP","yellow.place › United States › Plano › Finance › Loans"
"https://www.google.com/#q=Jason+Sheppard+WR+Starkey+Mortgage+LLP","https://www.facebook.com/pages/WR-Starkey/106137886088534"
"https://www.google.com/#q=Jason+Sheppard+WR+Starkey+Mortgage+LLP","https://bizstanding.com › NC › WR › WR-3 › Wr Starkey Mortgage"
"https://www.google.com/#q=Jason+Sheppard+WR+Starkey+Mortgage+LLP","coba.georgiasouthern.edu/current-eagle-executive-society-members/"
"https://www.google.com/#q=Jason+Sheppard+WR+Starkey+Mortgage+LLP","radaris.com/p/Jason/Sheppard/"
"https://www.google.com/#q=Katherine+Clayton+Cendera+Funding+Inc.","https://www.linkedin.com/in/katherine-clayton-a9953476"
"https://www.google.com/#q=Katherine+Clayton+Cendera+Funding+Inc.","mortgage-brokers.credio.com/l/52975/Katherine-Clayton"
"https://www.google.com/#q=Katherine+Clayton+Cendera+Funding+Inc.","www.salesripe.com/contact/katherine-clayton-3700188"
"https://www.google.com/#q=Katherine+Clayton+Cendera+Funding+Inc.","https://www.lead411.com/Katherine_Clayton_17448762.html"
"https://www.google.com/#q=Katherine+Clayton+Cendera+Funding+Inc.","https://www.cenderafunding.com/"
"https://www.google.com/#q=Katherine+Clayton+Cendera+Funding+Inc.","https://it-it.facebook.com/public/Cleyton-Kathe"
"https://www.google.com/#q=Katherine+Clayton+Cendera+Funding+Inc.","ufind.name/Katherine+Clayton"
"https://www.google.com/#q=Katherine+Clayton+Cendera+Funding+Inc.","www.peekyou.com/kathryn_clayton"
"https://www.google.com/#q=Katherine+Clayton+Cendera+Funding+Inc.","https://www.texasmba.org/convention/docs/prereg.pdf"
"https://www.google.com/#q=Katherine+Clayton+Cendera+Funding+Inc.","https://www.ok.gov/okdocc/documents/2015%20ANNUAL%20REPORT.pdf"
"https://www.google.com/#q=Audrey+Fuller+DHI+MORTGAGE+COMPANY+LTD.","mortgage-brokers.credio.com/l/48044/Audrey-Linn-Fuller"
"https://www.google.com/#q=Audrey+Fuller+DHI+MORTGAGE+COMPANY+LTD.","https://www.linkedin.com/in/audreyfuller"
"https://www.google.com/#q=Audrey+Fuller+DHI+MORTGAGE+COMPANY+LTD.","www.salesripe.com/contact/audrey-fuller-1107752"
"https://www.google.com/#q=Audrey+Fuller+DHI+MORTGAGE+COMPANY+LTD.","https://www.lead411.com/Audrey_Fuller_8003218.html"
"https://www.google.com/#q=Audrey+Fuller+DHI+MORTGAGE+COMPANY+LTD.","https://www.lead411.com/Mindy_Wong_21293220.html"
"https://www.google.com/#q=Audrey+Fuller+DHI+MORTGAGE+COMPANY+LTD.","https://app.lead411.com/Lyman_King_21293408.html"
"https://www.google.com/#q=Audrey+Fuller+DHI+MORTGAGE+COMPANY+LTD.","https://www.lead411.com/Amy_Keen_21293412.html"
"https://www.google.com/#q=Audrey+Fuller+DHI+MORTGAGE+COMPANY+LTD.","www.zoominfo.com/p/Audrey-Fuller/1930277381"
"https://www.google.com/#q=Audrey+Fuller+DHI+MORTGAGE+COMPANY+LTD.","https://www.intelius.com/people/Audrey-Fuller/060ea1bvmd5"
"https://www.google.com/#q=Audrey+Fuller+DHI+MORTGAGE+COMPANY+LTD.","https://www.dhimortgage.com/Loan-Officers/Amy-Emerson"
"https://www.google.com/#q=Jennifer+Weidner+State+Farm+Bank+F.S.B.","https://www.statefarm.com/agent/US/TX/Allen/Jenny-Weidner-6D5JG2ZJ000"
"https://www.google.com/#q=Jennifer+Weidner+State+Farm+Bank+F.S.B.","https://www.statefarm.com/agent/US/CA/Foster.../Jennifer-Selvitella-DTGCP1YS000"
"https://www.google.com/#q=Jennifer+Weidner+State+Farm+Bank+F.S.B.","https://www.statefarm.com/agent/US/TX/Allen/Jenny-Weidner.../map?..."
"https://www.google.com/#q=Jennifer+Weidner+State+Farm+Bank+F.S.B.","https://books.google.com/books?isbn=1563117916"
"https://www.google.com/#q=Jennifer+Weidner+State+Farm+Bank+F.S.B.","https://treas-secure.state.mi.us/unclaimedProperty/search.asp?destURL...name=tom"
"https://www.google.com/#q=Jennifer+Weidner+State+Farm+Bank+F.S.B.","https://mn.gov/law-library-stat/archive/cau02dkt.html"
"https://www.google.com/#q=Jennifer+Weidner+State+Farm+Bank+F.S.B.","www.vindy.com/news/2014/aug/21/courts/?print"
"https://www.google.com/#q=Jennifer+Weidner+State+Farm+Bank+F.S.B.","https://www.courts.wa.gov › Courts › Court Briefs"
"https://www.google.com/#q=Jennifer+Weidner+State+Farm+Bank+F.S.B.","https://www.co.washington.mn.us/Archive.aspx?ADID=512"
"https://www.google.com/#q=Jennifer+Weidner+State+Farm+Bank+F.S.B.","https://www.yellowpages.com/whitesboro-tx/texas-state-low-cost-insurance"
"https://www.google.com/#q=John+Dillon+One+Reverse+Mortgage+LLC","https://www.onereversemortgage.com › Where We Lend"
"https://www.google.com/#q=John+Dillon+One+Reverse+Mortgage+LLC","https://www.onereversemortgage.com › States › Oregon"
"https://www.google.com/#q=John+Dillon+One+Reverse+Mortgage+LLC","https://www.onereversemortgage.com › Where We Lend"
"https://www.google.com/#q=John+Dillon+One+Reverse+Mortgage+LLC","mortgage-brokers.credio.com/l/41956/John-William-Dillon-II"
"https://www.google.com/#q=John+Dillon+One+Reverse+Mortgage+LLC","https://www.linkedin.com/in/john-dillon-92268018"
"https://www.google.com/#q=John+Dillon+One+Reverse+Mortgage+LLC","https://social.pr/p/orm-reverse-mortgage-team/JohnDillon/"
"https://www.google.com/#q=John+Dillon+One+Reverse+Mortgage+LLC","https://social.pr/p/orm-reverse-mortgage-team/employees/?page=5"
"https://www.google.com/#q=John+Dillon+One+Reverse+Mortgage+LLC","https://dbf.georgia.gov/sites/dbf.georgia.gov/.../June2016MortgageSummary.pdf"
"https://www.google.com/#q=John+Dillon+One+Reverse+Mortgage+LLC","https://blackamericaweb.com/.../dennys-presents-tom-joyner-foundation-with-25k-tal..."
"https://www.google.com/#q=John+Dillon+One+Reverse+Mortgage+LLC","www.dfs.ny.gov/reportpub/wb160122.htm"
"https://www.google.com/#q=Kenneth+Lutterbach+One+Reverse+Mortgage+LLC","https://www.onereversemortgage.com › Where We Lend"
"https://www.google.com/#q=Kenneth+Lutterbach+One+Reverse+Mortgage+LLC","https://www.linkedin.com/in/ken-lutterbach-4b02999b"
"https://www.google.com/#q=Kenneth+Lutterbach+One+Reverse+Mortgage+LLC","https://www.linkedin.com/titlebanker-at-one-reverse-mortgage,-nmls-%232052"
"https://www.google.com/#q=Kenneth+Lutterbach+One+Reverse+Mortgage+LLC","https://social.pr/p/orm-reverse-mortgage-team/KennethLutterbach/"
"https://www.google.com/#q=Kenneth+Lutterbach+One+Reverse+Mortgage+LLC","mortgage-brokers.credio.com/l/20759/Kenneth-Brandon-Lutterbach"
"https://www.google.com/#q=Kenneth+Lutterbach+One+Reverse+Mortgage+LLC","https://www.nccob.org/Online/NMLS/LicenseView.aspx?CID=3261"
"https://www.google.com/#q=Kenneth+Lutterbach+One+Reverse+Mortgage+LLC","https://www.owler.com/iaApp/173456/one-reverse-mortgage-company-profile"
"https://www.google.com/#q=Kenneth+Lutterbach+One+Reverse+Mortgage+LLC","www.dfs.ny.gov/reportpub/wb141010.htm"
"https://www.google.com/#q=Kenneth+Lutterbach+One+Reverse+Mortgage+LLC","https://www.ok.gov/okdocc/documents/2015%20ANNUAL%20REPORT.pdf"
"https://www.google.com/#q=Kenneth+Lutterbach+One+Reverse+Mortgage+LLC","https://www.pinterest.com/pin/566538828102762935/"
"https://www.google.com/#q=Gregory+Harper+Everett+Financial+Inc.","https://www.johnschutze.com/the-schutze-team/"
"https://www.google.com/#q=Gregory+Harper+Everett+Financial+Inc.","https://www.johnschutze.com/"
"https://www.google.com/#q=Gregory+Harper+Everett+Financial+Inc.","https://www.linkedin.com/in/gregory-everett-37822291"
"https://www.google.com/#q=Gregory+Harper+Everett+Financial+Inc.","www.supremelending.com/ContactUs.aspx"
"https://www.google.com/#q=Gregory+Harper+Everett+Financial+Inc.","https://www.supremelending.com/AboutUs.aspx"
"https://www.google.com/#q=Gregory+Harper+Everett+Financial+Inc.","quotes.wsj.com/ENBBF/company-people/executive-profile/46255378"
"https://www.google.com/#q=Gregory+Harper+Everett+Financial+Inc.","mortgage-brokers.credio.com/l/15709/Claudio-Marcelo-Ostrovich"
"https://www.google.com/#q=Gregory+Harper+Everett+Financial+Inc.","www.resgonline.com/search"
